title	itemid
MIAA Division 2 Boys Swim &amp; Dive State Results	8624
MIAA Division 1 Boys  Swim &amp; Dive State Results	8623
MIAA Division 2 Girls Swim &amp; Dive State Results	8622
MIAA Division 2 Girls Swim &amp; Dive State Results	8621
MIAA Division 1 Girls Swim &amp; Dive State Results	8620
2023 Girls North Swim &amp; Dive Results	8614
2023 Girls North Swim &amp; Dive Results	8613
2023 Girls South Swim &amp; Dive Results	8612
2023 Boys Swim &amp; Dive South Results	8611
2023 Girls Swim &amp; Dive Central/West Results	8610
2023 Boys Swim &amp; Dive North Results	8609
2023 Boys Swim &amp; Dive Central/West Results	8608
Girls Central/West Swim/Dive Psych Sheet	8606
Boys Central/West Swim/Dive Psych Sheet	8605
Girls South Swim/Dive Psych Sheet	8604
Girls North Swim/Dive Psych Sheet	8603
Boys South Swim/Dive Psych Sheet	8602
Boys North Swim/Dive Psych Sheet	8601
Winter 2023 Swimming and Diving Overview	8600
2022 Fall Swim - North Tournament Results	8580
2022 Fall Swim - South Tournament Results	8579
Fall 2022 North Sectional Swimming &amp; Diving Psych Sheet	8578
Fall 2022 South Sectional Swimming &amp; Diving Psych Sheet	8577
Fall 2022 Swim Tournament Overview	8576
2022 MIAA Boys Swim &amp; Diving State Division 2 Results	8515
2022 MIAA Girls Swim &amp; Diving State Division 2 Results	8513
2022 MIAA Girls Swim &amp; Diving State Division 1 Results	8512
2022 MIAA Boys Swim &amp; Diving State Division 1 Results	8511
2022 MIAA Winter State  Swim Girls Division 2 Psych Sheets	8503
2022 MIAA Winter State Swim Boys Division 2 Psych Sheets	8502
2022 MIAA Winter State Swim Girls Division 1 Psych Sheets	8501
2022 MIAA  Winter State Swim Boys Division 1 Psych Sheets	8500
Winter 2021-22 Boys South Sectional Swim Results	8479
Winter 2021-22 Boys North Sectional Swim Results	8478
Winter 2021-22 Girls South Sectional Swim Results	8477
Winter 2021-22 Girls North Sectional Swim Results	8476
Winter 2021-22 Swim Tournament Overview	8466
Fall 2021 STATE Division 2 Swimming &amp; Diving Results	8459
Fall 2021 STATE Division 1 Swimming &amp; Diving Results	8458
Fall 2021 State Division 2 Swimming Psych Sheet	8455
Fall 2021 State Division 1 Swimming Psych Sheet	8454
Fall 2021 South Sectional Swimming &amp; Diving Results	8452
Fall 2021 North Sectional Swimming &amp; Diving Results	8451
Fall 2021 Swimming &amp; Diving - OVERVIEW PAGE	8450
Fall 2021 Swimming &amp; Diving - OVERVIEW PAGE	8447
Fall 2021 North Sectional Swimming &amp; Diving Psych Sheet	8446
Fall 2021 South Sectional Swimming &amp; Diving Psych Sheet	8445
Fall 2019 South/Central Sectional Swimming &amp; Diving Results - Events 22-24 &amp; Team Scores &amp; Rankings	8442
Fall 2019 South/Central Sectional Swimming &amp; Diving Results - Events 12-21	8441
Fall 2019 North Sectional Swimming &amp; Diving Results - Events 22-24 &amp; Team Scores &amp; Rankings	8440
Fall 2019 North Sectional Swimming &amp; Diving Results - Events 12-21	8439
Fall 2019 Division 1 State Swimming &amp; Diving Results - Events 15-24 &amp; Team Scores &amp; Rankings	8438
Fall 2019 Division 2 State Swimming and Diving Results - Events 15-24 &amp; Team Scores &amp; Rankings	8437
Winter 2020 Girls Division 2 State Swim/Dive Psych Sheet	8384
Winter 2020 Girls Division 1 State Swim/Dive Psych Sheet	8383
Winter 2020 Boys Division 2 State Swim/Dive Psych Sheet	8382
Winter 2020 Boys Division 1 State Swim/Dive Psych Sheet	8381
Winter 2019-20 Boys North Sectional Swim Results	8374
Winter 2019-20 Boys South Sectional Swim Results	8373
Winter 2019-20 Girls North Sectional Swim Results	8372
Winter 2019-20 Girls South Sectional Swim Results	8371
Winter 2020 Swim Tournament Overview	8367
MIAA Winter 2020 Girls Central/West Swim Psych Sheet	8366
MIAA Winter 2020 Boys Central/West Swim Psych Sheet	8365
MIAA Winter 2020 Girls South Swim Psych Sheet	8364
MIAA Winter 2020 Girls North Swim Psych Sheet	8363
MIAA Winter 2020 Boys South Swim Psych Sheet	8362
MIAA Winter 2020 Boys North Swim Psych Sheet	8361
Fall 2019 Division 2 State Swimming and Diving Championship Results - Events 1-13	8357
Fall 2019 Division 1 State Swimming &amp; Diving Championship Results - Events 1-13	8356
Fall 2019 Division 2 State Swimming and Diving Psych Sheet	8353
Fall 2019 Division 1 State Swimming and Diving Psych Sheet	8352
Fall 2019 North Sectional Swimming &amp; Diving Results - Events 1-11	8351
Fall 2019 South/Central Sectional Swimming and Diving Results - Events 1-11	8350
Fall 2019 Swim Tournament Overview	8338
Fall 2019 South Swim Psych Sheet	8337
Fall 2019 North Swim Psych Sheet	8336
Winter 2019 Boys State Division 2 Swimming and Diving Results	8272
Winter 2019 Boys State Division 1 Swimming and Diving Results	8271
Winter 2019 Girls State Division 2 Swimming and Diving Results	8270
Winter 2019 Girls State Division 1 Swimming and Diving Results	8269
Winter 2019 Girl's State Div 2 Swimming &amp; Diving - Psych Sheets	8258
Winter 2019 Girl's State Div 1 Swimming &amp; Diving - Psych Sheets	8257
Winter 2019 Boy's State Div 2 Swimming &amp; Diving - Psych Sheets	8256
Winter 2019 Boy's State Div 1 Swimming &amp; Diving - Psych Sheets	8255
Winter 2019 Boys Central/West Swimming and Diving Results	8249
Winter 2019 Girls Central/West Swimming and Diving Results	8248
Winter 2019 Boys South Swimming and Diving Results	8247
Winter 2019 Boys North Swimming and Diving Results	8246
Winter 2019 Girls South Swimming and Diving Results	8245
Winter 2019 Girls North Swimming and Diving Results	8244
Winter 2019 Boys Central/West Swimming and Diving Psych Sheet	8241
Winter 2019 Boys South Swimming and Diving Psych Sheet	8240
Winter 2019 Boys North Swimming and Diving Psych Sheet	8239
Winter 2019 Girls Central/West Swimming and Diving Psych Sheet	8238
Winter 2019 Girls South Swimming and Diving Psych Sheet	8237
Winter 2019 Girls North Swimming and Diving Psych Sheet	8236
Winter 2019 Swimming and Diving Tournament Information	8235
2018 Fall Swim - State Division 2 Results	8229
2018 Fall Swim - State Division 1 Results	8228
2018 Fall Swim - Division 2 State Psych Sheet	8224
2018 Fall Swim - Division 1 State Psych Sheet	8223
2018 Fall Swim - South Sectional Results	8222
2018 Fall Swim - North Sectional Results	8219
2018 Fall Swim - South Sectional Psych Sheet	8195
2018 Fall Swim - North Sectional Psych Sheet	8194
FALL 2018 SWIMMING AND DIVING OVERVIEW	8193
2018 Winter State Swimming &amp; Diving - Boys Division 2 Results	8127
2018 Winter State Swimming &amp; Diving - Boys Division 1 Results	8126
2018 Girls Division 2 State Swimming &amp; Diving Results	8124
2018 Girls Division 1 State Swimming &amp; Diving Results	8123
2018 WinterState Swimming &amp; Diving - Girls Division 2 Psych Sheet	8115
2018 Winter State Swimming &amp; Diving - Girls Division 1 Psych Sheet	8114
2018 Winter State Swimming &amp; Diving - Boys Division 2 Psych Sheet	8113
2018 Winter State Swimming &amp; Diving - Boys Division 1 Psych Sheet	8112
2018 Winter Central/West Girls Swimming &amp; Diving Results	8105
2018 Winter Central/West Boys Swimming &amp; Diving Results	8104
2018 Winter South Boys Swimming &amp; Diving Results	8103
2018 Winter North Boys Swimming and Diving Results	8102
2018 Winter North Girls Swimming and Diving Results	8101
2018 Winter South Girls Swimming &amp; Diving Results	8100
2018 WINTER SWIM TOURNAMENT INFORMATION	8094
2018 Girls Central/West Winter Swim Psych Sheet	8093
2018 Girls South Winter Swim Psych Sheet	8092
2018 Girls North Winter Swim Psych Sheet	8091
2018 Boys Central/West Winter Swim Psych Sheet	8090
2018 Boys South Winter Swim Psych Sheet	8089
2018 Boys North Winter Swim Psych Sheet	8088
2017 Fall State Division 2 Swimming &amp; Diving Results	8083
2017 Fall State Division 1 Swimming &amp; Diving Results	8082
2017 Fall Division 2 State Swimming &amp; Diving Psych Sheet	8081
2017 Fall Division 1 State Swimming &amp; Diving Psych Sheet	8080
2017 Fall South Swimming and Diving Results	8063
2017 Fall North Swimming &amp; Diving Results	8062
Fall 2017 MIAA Swimming and Diving Overview	8052
2017 MIAA Fall North Sectional Swimming &amp; Diving Psych Sheet	8048
2017 MIAA Fall South/Central Sectional Swimming &amp; Diving Psych Sheet	8047
2017 Winter Boys State Swimming and Diving - Division 2 Results	7971
2017 Winter Boys State Swimming and Diving - Division 1 Results	7970
2017 Girls Winter State Swimming and Diving - Division 2 Results	7968
2017 Girls Winter State Swimming and Diving - Division 1 Results	7967
Winter 2017 Boys State Division 2 Swimming and Diving Psych Sheet	7959
Winter 2017 Boys State Division 1 Swimming and Diving Psych Sheet	7958
Winter 2017 Girls State Division 2 Swimming and Diving Psych Sheet	7957
Winter 2017 Girls State Division 1 Swimming and Diving Psych Sheet	7956
Winter 2017 Boys West Swimming and Diving Results	7949
Winter 2017 Girls West Swimming and Diving Results	7948
Winter 2017 Girls Central/South Swimming and Diving Results	7947
Winter 2017 Girls North Swimming and Diving Results	7946
Winter 2017 Girls West Swimming and Diving Psych Sheet	7944
Winter 2017 Boys West Swimming and Diving Psych Sheet	7943
WINTER 2017 SWIMMING AND DIVING TOURNAMENT INFORMATION	7941
Winter 2017 Girls Central/South Swimming and Diving Psych Sheet	7940
Winter 2017 Girls North Swimming and Diving Psych Sheet	7939
Winter 2017 Boys Central/South Swimming and Diving Psych Sheet	7938
Winter 2017 Boys North Swimming and Diving Psych Sheet	7937
2016 Fall Swimming and Division - State Division 2 Results	7930
2016 Fall Swimming and Division - State Division 1 Results	7929
2016 Fall Swimming and Diving - State Division 2 Psych Sheet	7926
2016 Fall Swimming and Diving - State Division 1 Psych Sheet	7925
2016 Fall Swimming and Diving - South Results	7916
2016 Fall Swimming and Diving - North Results	7915
2016 Fall Swimming and Diving Overview	7899
2016 Fall Swimming - North Sectional Psych Sheet	7898
2016 Fall Swimming - South Sectional Psych Sheet	7897
2016 Division 1 Boys State Swimming and Diving Results	7789
2016 Division 2 Boys State Swimming and Diving Results	7788
2016 Division 1 Girls State Swimming and Diving Results	7787
2016 Division 2 Girls State Swimming and Diving Results	7786
2016 North Boys Swimming and Diving Results	7778
2016 Central/South Boys Swimming and Diving Results	7777
2016 North Girls Swimming and Diving Results	7776
2016 Central/South Girls Swimming &amp; Diving Results	7775
2016 West Girls Swimming &amp; Diving Results	7772
2016 West Boys Swim Results	7771
2016 Winter West Girls Swimming &amp; Diving Psych Sheet	7764
2016 Winter West Boys Swimming &amp; Diving Psych Sheet	7763
Winter 2016 Swim Tournament Information	7761
2016 Winter Central/South Girls Swim Psych Sheet	7760
2016 Winter North Girls Swim Psych Sheet	7759
2016 Winter Central/South Boys Swim Psych Sheet	7758
2016 Winter North Boys Swim Psych Sheet	7757
2015 Division 2 Fall State Swimming and Diving Results	7740
2015 Division 1 Fall State Swimming and Diving Results	7739
2015 Fall State Division 2 Swimming and Diving Psych Sheet	7736
2015 Fall State Division 1 Swimming and Diving Psych Sheet	7735
Fall 2015 Swimming and Diving Overview	7729
2015 MIAA North Swimming &amp; Diving Results	7728
2015 MIAA South Swimming &amp; Diving Results	7727
Fall 2015 South Swimming and Diving Psych Sheet	7704
Fall 2015 North Swimming and Diving Psych Sheet	7703
2015 Winter Boys Division 1 State Swimming and Diving Results	7550
2015 Division 2 Boys State Swimming and Diving Results	7544
2015 Division 1 Girls State Swimming and Diving Results	7538
2015 Division 2 Girls State Swimming and Diving Results	7536
2015 Division 2 State Boys Swimming and Diving Psych Sheet	7525
2015 Division 1 State Boys Swimming and Diving Psych Sheet	7524
2015 Division 2 Girls State Swimming and Diving Psych Sheet	7523
2015 Division 1 Girls State Swimming and Diving Psych Sheet	7522
2015 Winter Central/South Girls Swimming and Diving Results	7514
2015 Winter North Girls Sectional Swimming and Diving Results	7513
2015 Winter Girls West Swimming and Diving Results	7512
2015 Winter Boys West Swimming and Diving Results	7511
Winter 2015 Boys Central/South Swimming and Diving Results	7510
2015 Winter Boys North Swimming and Diving Results	7509
Winter 2015 Boys West Swimming and Diving Psych Sheet	7508
Winter 2015 Girls West Swimming and Diving Psych Sheet	7507
Winter 2015 Girls Central/South Swimming and Diving Psych Sheet	7506
Winter 2015 Girls North Swimming and Diving Psych Sheet	7505
Winter 2015 Boys Central/South Swimming and Diving Psych Sheet	7502
Winter 2015 Boys North Swimming and Diving Psych Sheet	7501
WINTER 2015 SWIMMING AND DIVING TOURNAMENT INFORMATION	7500
2014 Fall Division 2 State Swimming and Diving Results	7491
2014 Fall Division 1 State Swimming and Diving Results	7490
2014 Boys and Girls Fall Swim - Division 2 State Psych Sheet	7488
2014 Boys and Girls Fall Swim - Division 1 State Psych Sheet	7487
2014 Boys and Girls Fall Swim - South Results	7485
2014 Boys and Girls Fall Swim - North Results	7484
2014 Fall Cross Country - Western Mass Results	7481
2014 Western Mass Cross Country Tournament	7475
Fall 2014 Swim Overview	7473
Fall 2014 Boys and Girls South Swim Psych Sheet	7472
Fall 2014 Boys and Girls North Swim Psych Sheet	7471
2014 Winter Division 2 Boys Swimming and Diving Results	7344
2014 Winter Division 1 Boys Swimming and Diving Results	7343
2014 Winter Division 2 Girls Swimming and Diving Results	7341
2014 Winter Division 1 Girls Swimming and Diving Results	7340
2014 State Boys Division 2 Swimming &amp; Diving Psych Sheet	7332
2014 State Boys Division 1 Swimming &amp; Diving Psych Sheet	7331
2014 State Girls Division 2 Swimming &amp; Diving Psych Sheet	7330
2014 State Girls Division 1 Swimming &amp; Diving Psych Sheet	7328
2014 Winter Boys North Swim Results	7321
2014 Winter Boys Central/South Swim Results	7320
2014 Winter Boys West Swim Results	7319
2014 Winter Girls West Swim Results	7317
2014 Winter Girls North Swim Results	7316
2014 Winter Girls Central/South Swim Results	7315
2014 Winter Girls West Swim/Dive Psych Sheet	7314
2014 Winter Boys West Swim/Dive Psych Sheet	7313
Winter 2014 Swim/Dive Overview	7312
2014 Winter Boys Central South Swim/Dive Psych Sheet	7311
2014 Winter Boys North Swim/Dive Psych Sheet	7310
2014 Winter Girls Central South Swim Psych Sheet	7309
2014 Winter Girls North Swim Psych Sheet	7308
FALL 2013 TOURNAMENTS	7294
2013 State Swimming &amp; Diving - Division 2 Results	7293
2013 State Swimming &amp; Diving - Division 1 Results	7292
2013 Fall Swimming &amp; Diving - State Division 2 Psych Sheet	7286
2013 Fall Swimming &amp; Diving - State Division 1 Psych Sheet	7285
Fall 2013 - Swim Tournament Summary	7283
Fall 2013 - South Sectional Swim Results	7282
Fall 2013 - North Sectional Swim Results	7281
Western Mass Cross Country Results	7278
Fall 2013 Boys and Girls Swim - North Psych Sheet	7268
2013  Boys and Girls Fall Swim - South Psych Sheet	7267
2013 Division 2 Girls State Winter Swimming and Diving Results	7108
2013 Division 1 Girls State Winter Swimming and Diving Results	7107
2013 Division 2 Boys State Winter Swimming and Diving Results	7106
2013 Division 1 Boys State Winter Swimming and Diving Results	7105
Winter 2013 Division 2 Boys State Swimming and Diving Psych Sheet	7091
Winter 2013 Division 1 Boys State Swimming and Diving Psych Sheet	7090
Winter 2013 Division 2 Girls State Swimming and Diving Psych Sheet	7088
Winter 2013 Division 1 Girls State Swimming and Diving Psych Sheet	7087
Important Parking Information for Swimming and Diving Championships at Springfield College	7075
Winter 2013 Boys West Swimming and Diving Psych Sheet	7074
Winter 2013 Girls West Swimming and Diving Psych Sheet	7073
Winter 2013 Boys Central/South Swimming and Diving Psych Sheet	7071
Winter 2013 Boys North Swimming &amp; Diving Psych Sheet	7070
Winter 2013 Girls Central/South Swimming and Diving Psych Sheet	7069
Winter 2013 Girls North Swimming and Diving Psych Sheet	7068
2012 Fall State Swimming and Diving Results	7032
2012 State Boys and Girls Fall Swimming and Diving	7029
Fall 2012 South Girls and Boys Swimming and Diving Results	7025
Fall 2012 North Girls and Boys Fall Swimming and Diving Results	7024
2012 Western Mass Cross Country Results	7023
Parking Information for MIAA Swim Tournaments at MIT	7014
2012 Boys and Girls Fall Swim - South Division Psych Sheet	7005
2012 Boys and Girls Fall Swim - North Division Psych Sheet	7004
2012 Boys State Swimming and Diving - Division 2 Results	6818
2012 Boys State Swimming and Diving - Division 1 Results	6817
2012 Girls State Swimming and Diving - Division 2 Results	6815
2012 Girls State Swimming and Diving - Division 1 Results	6814
State Swimming and Diving Parking Information	6808
2012 Girls State Division 2 Swim Psych Sheet	6802
2012 Girls State Division 1 Swim Psych Sheet	6801
2012 Boys State Division 2 Swim Psych Sheet	6798
2012 Boys State Division 1 Swim Psych Sheet	6797
2012 Boys Central/South Swim Results	6793
2012 Boys North Swim Results	6792
2012 Boys West Swim Results	6791
2012 Girls West Swim Results	6790
2012 Girls Central/South Swim Results	6788
2012 Girls North Swim Results	6787
2012 Boys Central/South Swim Psych Sheet	6783
2012 Boys North Swim Psych Sheet	6782
2012 Boys West Swim Psych Sheet	6780
2012 Girls West Swim Psych Sheet	6779
2012 Girls Central/South Swim Psych Sheet	6778
2012 Girls North Swim Psych Sheet	6777
2011 Fall Girls Swimming and Division - State Division 2 Results	6700
2011 Fall Girls Swimming and Division - State Division 1 Results	6699
2011 Fall Girls Swimming and Diving - Division 2 Psych Sheet	6692
2011 Fall Girls Swimming and Diving - Division 1 Psych Sheet	6691
2011 North Division Fall Girls Swimming and Diving Results	6689
2011 South Division Fall Girls Swimming and Diving Results	6688
2011 Western Mass Cross Country Results	6673
Fall 2011 Girls South Swim Psych Sheet	6657
Fall 2011 Girls North Swim Psych Sheet	6656
FALL 2011 TENTATIVE TOURNAMENT SCHEDULE	6653
2011 Girls Division 2 State Swimming and Diving Results	6467
2011 Girls Division 1 State Swimming and Diving Results	6465
2011 Boys Division 2 State Swimming and Diving Results	6462
2011 Boys Division 1 State Swimming and Diving Results	6459
2011 Girls Division 2 State Swimming and Diving Psych Sheet	6454
2011 Girls Division 1 State Swimming and Diving Psych Sheet	6453
2011 Boys Division 2 State Swimming and Diving Psych Sheet	6448
2011 Boys Division 1 State Swimming and Diving Psych Sheet	6447
2011 Girls Central/South Swimming and Diving Results	6445
2011 Girls North Swimming and Diving Results	6444
2011 Boys Central/South Swimming and Diving Results	6443
2011 Boys North Swimming and Diving Results	6442
2011 Western Mass Girls Swimming and Diving Results	6441
2011 Western Mass Boys Swimming and Diving Tournament Results	6440
2011 Boys Central/South Swim Psych Sheet	6436
2011 Boys North Swim Psych Sheet	6435
2011 Boys West Swim Psych Sheet	6434
2011 Girls West Swim Psych Sheet	6433
2011 Girls Central/South Swim Psych Sheet	6432
2011 Girls North Swim Psych Sheet	6431
2010 MIAA Fall Girls Swimming and Diving - State Division 2 Results	6404
2010 MIAA Fall Girls Swimming and Diving - State Division 1 Results	6403
2010 MIAA Fall Girls Swimming and  Diving  - State Division 2 Psych Sheet	6396
2010 MIAA Fall Girls Swimming and Diving - State Division 1 Psych Sheet	6395
2010 MIAA South Fall Girls Swim Results	6392
2010 MIAA North Fall Girls Swim Results	6385
2010 MIAA Fall Girls Swimming and Diving - South Sectional Psych Sheet	6383
2010 MIAA Fall Girls Swimming and Diving - North Sectional Psych Sheet	6382
2010 MIAA Girls State Division 2 Swimming and Diving Championship Results	6198
2010 MIAA Girls State Division 1 Swimming and Diving Championship Results	6197
2010 MIAA Boys State Division 2 Swimming and Diving Championship	6188
2010 MIAA Boys State Division 1 Swimming and Diving Championship	6186
2010 Girls State Winter Swim - Division 2 Psych Sheet	6180
2010 Girls State Winter Swim - Division 1 Psych Sheet	6178
2010 Division 2 Boys State Swim Psych Sheet	6175
2010 Boys State Winter Swim - Division 1 Psych Sheet	6173
2010 Boys North Swimming and Diving Results	6172
2010 Boys Central/South Swimming and Diving Results	6171
2010 Girls West Swimming and Diving Results	6163
2010 Boys West Swimming and Diving Results	6162
2010 Girls North Swimming and Diving Results	6160
2010 Girls Central/South Swimming and Diving Results	6159
2010 Girls Winter West Swim Psych Sheet	6152
2010 Boys Winter West Swim Psych Sheet	6151
2010 Winter Swim Sectional Psych Sheets	6150
2010 Boys Winter Central/South Swim Psych Sheet	6149
2010 Boys Winter North Swim Psych Sheet	6148
2010 Girls Winter North Swim Psych Sheet	6146
2010 Girls Winter Central/South Swim Psych Sheet	6145
2009 Fall Girls Swimming and Diving - Division 2 State Results	6089
2009 Fall Girls Swimming and Diving - Division 1 State Results	6088
2009 Fall Girls State Swimming &amp; Diving - Division 2 Psych Sheet	6083
2009 Fall Girls State Swimming &amp; Diving - Division 1 Psych Sheet	6082
2009 MIAA Fall Girls Swimming &amp; Diving - North Sectional Results	6076
2009 MIAA Fall Girls Swimming &amp; Diving - South Sectional Results	6075
Girls Fall Swim Live Broadcasts	6070
2009 MIAA South Girls Fall Swim - Psych Sheet	6063
2009 MIAA North Girls Fall Swim - Psych Sheet	6062
2009 State Division 2 Girls Swimming and Diving Results	4767
2009 State Division 1 Girls Swimming and Diving Results	4766
2009 State Division 2 Boys Swimming and Diving Results	4751
2009 State Division 1 Boys Swimming and Diving Results	4750
2009 State Division 2 Girls Swimming and Diving Psych Sheet	4722
2009 State Division 1 Girls Swimming and Diving Psych Sheet	4721
2009 State Division 2 Boys Swimming and Diving Psych Sheet	4699
2009 State Division 1 Boys Swimming and Diving Psych Sheet	4698
2009 Winter West Boys Swimming and Diving Results	4685
2009 Winter West Girls Swimming and Diving Results	4684
2009 Central/South Girls Swimming and Diving Tournament Results	4683
2009 North Girls Swimming and Diving Tournament Results	4682
2009 Boys Central/South Swimming Results	4681
2009 Boys North Swimming Results	4680
2009 Winter Boys Swimming and Diving - Central/South Psych Sheet	4651
2009 Winter Boys Swimming and Diving - North Psych Sheet	4650
2009 Winter Boys Swimming and Diving - West Psych Sheet	4649
2009 Winter Girls Swimming and Diving - West Psych Sheet	4648
2009 Winter Girls Swimming and Diving - Central/South Psych Sheet	4645
2009 Winter Girls Swimming and Diving  - North Psych Sheet	4644
2008 Fall Girls Swimming and Diving - State Results	4122
Fall 2008 State Girls Swimming &amp; Diving - Psych Sheets	4088
Fall 2008 South Girls Swimming Results	4047
Fall 2008 North Girls Swimming Results	4046
2008 Fall Girls Swimming and Diving - South Psych Sheet	4008
2008 Fall Girls Swimming and Diving - North Psych Sheet	4007
2008 Boys State Swimming &amp; Diving - Division 2 Results	2423
2008 Boys State Swimming &amp; Diving - Division 1 Results	2422
2008 Girls State Swimming &amp; Diving - Division 2 Results	2420
2008 Girls State Swimming &amp; Diving - Division 1 Results	2419
2008 Girls Division 2 State Swimming and Diving Psych Sheet	2361
2008 Girls Division 1 State Swimming and Diving Psych Sheet	2360
2008 Western Mass Swimming and Diving Results	2345
2008 Boys Division 2 State Swimming and Diving Psych Sheet	2344
2008 Boys Division 1 State Swimming and Diving Psych Sheet	2342
2008 Girls Central/South Swim Results	2318
2008 Girls North Swim Results	2317
2008 Boys Central/South Swim Results	2316
2008 Boys North Swim Results	2315
2008 Boys Central/South Swim Psych Sheet	2276
2008 Boys North Swim Psych Sheet	2275
2008 Boys and Girls West Swim Psych Sheets	2269
2008 Girls Central/South Swim Psych Sheet	2268
2008 Girls North Swim Psych Sheet	2267
2007 Fall Girls Swimming &amp; Diving - State Division 2 Results	1802
2007 Fall Girls Swimming &amp; Diving  - State Division 1 Results	1801
Fall 2007 State Finals Information	1790
2007 Fall Girls Swimming &amp; Diving - State Division 2 Psych Sheet	1778
2007 Fall Girls Swimming &amp; Diving - State Division 1 Psych Sheet	1777
2007 Fall Girls Swim - North Sectional Results	1765
2007 Fall Girls Swim - South Sectional Results	1761
2007 Fall Girls Swimming - South Sectional Psych Sheet	1729
2007 Fall Girls Swimming - North Sectional Psych Sheet	1728
2007 Girls Division 2 State Swimming Results	787
2007 Girls Division 1 State Swimming Results	786
2007 Boys Division 2 State Swimming Results	784
2007 Division 1 State Boys Swim Results	756
2007 Boys Division 2 State Swimming Psych Sheet	742
2007 Girls Division 2 State Swimming Psych Sheet	741
2007 Girls Division 1 State Swimming Psych Sheet	740
2007 Boys Division 1 State Swimming Psych Sheet	736
2007 Girls Central/South Swimming &amp; Diving Results	730
2007 Girls North Swimming &amp; Diving Results	728
2007 Girls West Swim Results	723
2007 Boys West Swim Results	721
2007 Boys North Swimming &amp; Diving Results	720
2007 Boys Central/South Swimming &amp; Diving Results	719
2007 Western Mass Diving Results	698
MIT Information	688
2007 Boys Central/South Swim Psych Sheet	687
2007 Boys North Swim - Psych Sheet	686
2007 Winter Swimming - West Girls Psych Sheet	683
2007 Winter Swimming - West Boys Psych Sheet	682
2007 Winter Swimming - Central/South Girls Psych Sheet	678
2007  Winter Swimming - North Girls Psych Sheet	677
Winter 2006-07 Tournament Schedule	647
2006 Fall Girls Swimming - Division 2 State Results	526
2006 Fall Girls Swimming - Division 1 State Results	525
2006 Fall Girls Swimming Division 2 State Psych Sheet	516
2006 Fall Girls Swimming Division 1 State Psych Sheet	515
2006 South Girls Fall Swimming Results	487
2006 North Girls Fall Swimming Results	486
Fall 2006 South Swimming &amp; Diving Psych Sheet	464
Fall 2006 North Swimming &amp; Diving Psych Sheet	462
